id,name,gender,eye_color,race,hair_color,height,publisher,skin_color,alignment,weight,created_at,updated_at
0,A-Bomb,Male,yellow,Human,No Hair,203,Marvel Comics,-,good,441,10/18/21 5:29,10/19/21 5:29
1,Abe Sapien,Male,blue,Icthyo Sapien,No Hair,191,Dark Horse Comics,blue,good,65,10/18/21 5:29,10/18/21 5:29
2,Abin Sur,Male,blue,Ungaran,No Hair,185,DC Comics,red,good,90,10/18/21 5:29,10/18/21 5:29
3,Abomination,Male,green,Human / Radiation,No Hair,203,Marvel Comics,-,bad,441,10/18/21 5:29,10/19/21 5:29
4,Abraxas,Male,blue,Cosmic Entity,Black,-99,Marvel Comics,-,bad,-99,10/18/21 5:29,10/18/21 5:29
5,Absorbing Man,Male,blue,Human,No Hair,193,Marvel Comics,-,bad,122,10/18/21 5:29,10/18/21 5:29
6,Adam Monroe,Male,blue,-,Blond,-99,NBC - Heroes,-,good,-99,10/18/21 5:29,10/18/21 5:29
7,Adam Strange,Male,blue,Human,Blond,185,DC Comics,-,good,88,10/18/21 5:29,10/18/21 5:29
8,Agent 13,Female,blue,-,Blond,173,Marvel Comics,-,good,61,10/18/21 5:29,10/19/21 5:29
9,Agent Bob,Male,brown,Human,Brown,178,Marvel Comics,-,good,81,10/18/21 5:29,10/18/21 5:29
10,Agent Zero,Male,-,-,-,191,Marvel Comics,-,good,104,10/18/21 5:29,10/18/21 5:29
11,Air-Walker,Male,blue,-,White,188,Marvel Comics,-,bad,108,10/18/21 5:29,10/18/21 5:29
12,Ajax,Male,brown,Cyborg,Black,193,Marvel Comics,-,bad,90,10/18/21 5:29,10/18/21 5:29
13,Alan Scott,Male,blue,-,Blond,180,DC Comics,-,good,90,10/18/21 5:29,10/18/21 5:29
14,Alex Mercer,Male,-,Human,-,-99,Wildstorm,-,bad,-99,10/18/21 5:29,10/18/21 5:29
15,Alex Woolsly,Male,-,-,-,-99,NBC - Heroes,-,good,-99,10/18/21 5:29,10/18/21 5:29
16,Alfred Pennyworth,Male,blue,Human,Black,178,DC Comics,-,good,72,10/18/21 5:29,10/19/21 5:29
17,Alien,Male,-,Xenomorph XX121,No Hair,244,Dark Horse Comics,black,bad,169,10/18/21 5:29,10/18/21 5:29
18,Allan Quatermain,Male,-,-,-,-99,Wildstorm,-,good,-99,10/18/21 5:29,10/18/21 5:29
19,Amazo,Male,red,Android,-,257,DC Comics,-,bad,173,10/18/21 5:29,10/18/21 5:29
20,Ammo,Male,brown,Human,Black,188,Marvel Comics,-,bad,101,10/18/21 5:29,10/18/21 5:29
21,Ando Masahashi,Male,-,-,-,-99,NBC - Heroes,-,good,-99,10/18/21 5:29,10/19/21 5:29
22,Angel,Male,blue,-,Blond,183,Marvel Comics,-,good,68,10/18/21 5:29,10/18/21 5:29
23,Angel,Male,-,Vampire,-,-99,Dark Horse Comics,-,good,-99,10/18/21 5:29,10/18/21 5:29
24,Angel Dust,Female,yellow,Mutant,Black,165,Marvel Comics,-,good,57,10/18/21 5:29,10/18/21 5:29
25,Angel Salvadore,Female,brown,-,Black,163,Marvel Comics,-,good,54,10/18/21 5:29,10/18/21 5:29
26,Angela,Female,-,-,-,-99,Image Comics,-,bad,-99,10/18/21 5:29,10/18/21 5:29
27,Animal Man,Male,blue,Human,Blond,183,DC Comics,-,good,83,10/18/21 5:29,10/19/21 5:29
28,Annihilus,Male,green,-,No Hair,180,Marvel Comics,-,bad,90,10/18/21 5:29,10/18/21 5:29
29,Ant-Man,Male,blue,Human,Blond,211,Marvel Comics,-,good,122,10/18/21 5:29,10/18/21 5:29
30,Ant-Man II,Male,blue,Human,Blond,183,Marvel Comics,-,good,86,10/18/21 5:29,10/18/21 5:29
31,Anti-Monitor,Male,yellow,God / Eternal,No Hair,61,DC Comics,-,bad,-99,10/18/21 5:29,10/18/21 5:29
32,Anti-Spawn,Male,-,-,-,-99,Image Comics,-,bad,-99,10/18/21 5:29,10/18/21 5:29
33,Anti-Venom,Male,blue,Symbiote,Blond,229,Marvel Comics,-,-,358,10/18/21 5:29,10/18/21 5:29
34,Apocalypse,Male,red,Mutant,Black,213,Marvel Comics,grey,bad,135,10/18/21 5:29,10/18/21 5:29
35,Aquababy,Male,blue,-,Blond,-99,DC Comics,-,good,-99,10/18/21 5:29,10/19/21 5:29
36,Aqualad,Male,blue,Atlantean,Black,178,DC Comics,-,good,106,10/18/21 5:29,10/18/21 5:29
37,Aquaman,Male,blue,Atlantean,Blond,185,DC Comics,-,good,146,10/18/21 5:29,10/18/21 5:29
38,Arachne,Female,blue,Human,Blond,175,Marvel Comics,-,good,63,10/18/21 5:29,10/18/21 5:29
39,Archangel,Male,blue,Mutant,Blond,183,Marvel Comics,blue,good,68,10/18/21 5:29,10/19/21 5:29
40,Arclight,Female,violet,-,Purple,173,Marvel Comics,-,bad,57,10/18/21 5:29,10/18/21 5:29
41,Ardina,Female,white,Alien,Orange,193,Marvel Comics,gold,good,98,10/18/21 5:29,10/18/21 5:29
42,Ares,Male,brown,-,Brown,185,Marvel Comics,-,good,270,10/18/21 5:29,10/19/21 5:29
43,Ariel,Female,purple,-,Pink,165,Marvel Comics,-,good,59,10/18/21 5:29,10/18/21 5:29
44,Armor,Female,black,-,Black,163,Marvel Comics,-,good,50,10/18/21 5:29,10/18/21 5:29
45,Arsenal,Male,-,Human,-,-99,DC Comics,-,good,-99,10/18/21 5:29,10/18/21 5:29
46,Astro Boy,Male,brown,-,Black,-99,,-,good,-99,10/18/21 5:29,10/18/21 5:29
47,Atlas,Male,brown,Mutant,Red,183,Marvel Comics,-,good,101,10/18/21 5:29,10/18/21 5:29
48,Atlas,Male,blue,God / Eternal,Brown,198,DC Comics,-,bad,126,10/18/21 5:29,10/19/21 5:29
49,Atom,Male,blue,-,Red,178,DC Comics,-,good,68,10/18/21 5:29,10/18/21 5:29
50,Atom,Male,-,-,-,-99,DC Comics,-,good,-99,10/18/21 5:29,10/18/21 5:29
51,Atom Girl,Female,black,-,Black,168,DC Comics,-,good,54,10/18/21 5:29,10/18/21 5:29
52,Atom II,Male,brown,Human,Auburn,183,DC Comics,-,good,81,10/18/21 5:29,10/18/21 5:29
53,Atom III,Male,-,-,Red,-99,DC Comics,-,good,-99,10/18/21 5:29,10/18/21 5:29
54,Atom IV,Male,brown,-,Black,-99,DC Comics,-,good,72,10/18/21 5:29,10/18/21 5:29
55,Aurora,Female,blue,Mutant,Black,180,Marvel Comics,-,good,63,10/18/21 5:29,10/18/21 5:29
56,Azazel,Male,yellow,Neyaphem,Black,183,Marvel Comics,red,bad,67,10/18/21 5:29,10/18/21 5:29
57,Azrael,Male,brown,Human,Black,-99,DC Comics,-,good,-99,10/18/21 5:29,10/18/21 5:29
58,Aztar,Male,-,-,-,-99,DC Comics,-,good,-99,10/18/21 5:29,10/18/21 5:29
59,Bane,Male,-,Human,-,203,DC Comics,-,bad,180,10/18/21 5:29,10/18/21 5:29
60,Banshee,Male,green,Human,Strawberry Blond,183,Marvel Comics,-,good,77,10/18/21 5:29,10/18/21 5:29
61,Bantam,Male,brown,-,Black,165,Marvel Comics,-,good,54,10/18/21 5:29,10/18/21 5:29
62,Batgirl,Female,-,-,-,-99,DC Comics,-,good,-99,10/18/21 5:29,10/18/21 5:29
63,Batgirl,Female,green,Human,Red,170,DC Comics,-,good,57,10/18/21 5:29,10/18/21 5:29
64,Batgirl III,Female,-,-,-,-99,DC Comics,-,good,-99,10/18/21 5:29,10/18/21 5:29
65,Batgirl IV,Female,green,Human,Black,165,DC Comics,-,good,52,10/18/21 5:29,10/18/21 5:29
66,Batgirl V,Female,-,-,-,-99,DC Comics,-,good,-99,10/18/21 5:29,10/18/21 5:29
67,Batgirl VI,Female,blue,-,Blond,168,DC Comics,-,good,61,10/18/21 5:29,10/18/21 5:29
68,Batman,Male,blue,Human,black,188,DC Comics,-,good,95,10/18/21 5:29,10/18/21 5:29
69,Batman,Male,blue,Human,Black,178,DC Comics,-,good,77,10/18/21 5:29,10/18/21 5:29
70,Batman II,Male,blue,Human,Black,178,DC Comics,-,good,79,10/18/21 5:29,10/18/21 5:29
71,Battlestar,Male,brown,-,Black,198,Marvel Comics,-,good,133,10/18/21 5:29,10/18/21 5:29
72,Batwoman V,Female,green,Human,Red,178,DC Comics,-,good,-99,10/18/21 5:29,10/18/21 5:29
73,Beak,Male,black,-,White,175,Marvel Comics,-,good,63,10/18/21 5:29,10/18/21 5:29
74,Beast,Male,blue,Mutant,Blue,180,Marvel Comics,blue,good,181,10/18/21 5:29,10/18/21 5:29
75,Beast Boy,Male,green,Human,Green,173,DC Comics,green,good,68,10/18/21 5:29,10/18/21 5:29
76,Beetle,Male,-,-,-,-99,Marvel Comics,-,bad,-99,10/18/21 5:29,10/18/21 5:29
77,Ben 10,Male,-,-,-,-99,DC Comics,-,good,-99,10/18/21 5:29,10/18/21 5:29
78,Beta Ray Bill,Male,-,-,No Hair,201,Marvel Comics,-,good,216,10/18/21 5:29,10/18/21 5:29
79,Beyonder,Male,-,God / Eternal,-,-99,Marvel Comics,-,good,-99,10/18/21 5:29,10/18/21 5:29
80,Big Barda,Female,blue,New God,Black,188,DC Comics,-,bad,135,10/18/21 5:29,10/18/21 5:29
81,Big Daddy,Male,-,-,-,-99,Icon Comics,-,good,-99,10/18/21 5:29,10/18/21 5:29
82,Big Man,Male,blue,-,Brown,165,Marvel Comics,-,bad,71,10/18/21 5:29,10/18/21 5:29
83,Bill Harken,Male,-,Alpha,-,-99,SyFy,-,good,-99,10/18/21 5:29,10/18/21 5:29
84,Billy Kincaid,Male,-,-,-,-99,Image Comics,-,bad,-99,10/18/21 5:29,10/18/21 5:29
85,Binary,Female,blue,-,Blond,180,Marvel Comics,-,good,54,10/18/21 5:29,10/18/21 5:29
86,Bionic Woman,Female,blue,Cyborg,Black,-99,,-,good,-99,10/18/21 5:29,10/18/21 5:29
87,Bird-Brain,-,-,-,-,-99,Marvel Comics,-,good,-99,10/18/21 5:29,10/18/21 5:29
88,Bird-Man,Male,-,Human,-,-99,Marvel Comics,-,bad,-99,10/18/21 5:29,10/19/21 5:29
89,Bird-Man II,Male,-,Human,-,-99,Marvel Comics,-,bad,-99,10/18/21 5:29,10/18/21 5:29
90,Birdman,Male,-,God / Eternal,-,-99,Hanna-Barbera,-,good,-99,10/18/21 5:29,10/18/21 5:29
91,Bishop,Male,brown,Mutant,No Hair,198,Marvel Comics,-,good,124,10/18/21 5:29,10/18/21 5:29
92,Bizarro,Male,black,Bizarro,Black,191,DC Comics,white,neutral,155,10/18/21 5:29,10/18/21 5:29
93,Black Abbott,Male,red,-,Black,-99,Marvel Comics,-,bad,-99,10/18/21 5:29,10/18/21 5:29
94,Black Adam,Male,brown,-,Black,191,DC Comics,-,bad,113,10/18/21 5:29,10/18/21 5:29
95,Black Bolt,Male,blue,Inhuman,Black,188,Marvel Comics,-,good,95,10/18/21 5:29,10/18/21 5:29
96,Black Canary,Female,blue,Human,Blond,165,DC Comics,-,good,58,10/18/21 5:29,10/18/21 5:29
97,Black Canary,Female,blue,Metahuman,Blond,170,DC Comics,-,good,59,10/18/21 5:29,10/18/21 5:29
98,Black Cat,Female,green,Human,Blond,178,Marvel Comics,-,good,54,10/18/21 5:29,10/18/21 5:29
99,Black Flash,Male,-,God / Eternal,-,-99,DC Comics,-,neutral,-99,10/18/21 5:29,10/18/21 5:29
100,Black Goliath,Male,-,-,-,-99,Marvel Comics,-,good,-99,10/18/21 5:29,10/18/21 5:29
101,Black Knight III,Male,brown,Human,Brown,183,Marvel Comics,-,good,86,10/18/21 5:29,10/18/21 5:29
102,Black Lightning,Male,brown,-,No Hair,185,DC Comics,-,good,90,10/18/21 5:29,10/18/21 5:29
103,Black Mamba,Female,green,-,Black,170,Marvel Comics,-,bad,52,10/18/21 5:29,10/18/21 5:29
104,Black Manta,Male,black,Human,No Hair,188,DC Comics,-,bad,92,10/18/21 5:29,10/18/21 5:29
105,Black Panther,Male,brown,Human,Black,183,Marvel Comics,-,good,90,10/18/21 5:29,10/18/21 5:29
106,Black Widow,Female,green,Human,Auburn,170,Marvel Comics,-,good,59,10/18/21 5:29,10/18/21 5:29
107,Black Widow II,Female,blue,-,Blond,170,Marvel Comics,-,good,61,10/18/21 5:29,10/18/21 5:29
108,Blackout,Male,red,Demon,White,191,Marvel Comics,white,bad,104,10/18/21 5:29,10/18/21 5:29
109,Blackwing,Male,blue,-,Black,185,Marvel Comics,-,bad,86,10/18/21 5:29,10/18/21 5:29
110,Blackwulf,Male,red,Alien,White,188,Marvel Comics,-,-,88,10/18/21 5:29,10/18/21 5:29
111,Blade,Male,brown,Vampire,Black,188,Marvel Comics,-,good,97,10/18/21 5:29,10/18/21 5:29
112,Blaquesmith,-,black,-,No Hair,-99,Marvel Comics,-,good,-99,10/18/21 5:29,10/18/21 5:29
113,Bling!,Female,-,-,-,168,Marvel Comics,-,good,68,10/18/21 5:29,10/18/21 5:29
114,Blink,Female,green,Mutant,Magenta,165,Marvel Comics,pink,good,56,10/18/21 5:29,10/18/21 5:29
115,Blizzard,Male,-,-,-,-99,Marvel Comics,-,bad,-99,10/18/21 5:29,10/18/21 5:29
116,Blizzard,Male,-,-,Brown,-99,Marvel Comics,-,bad,-99,10/18/21 5:29,10/18/21 5:29
117,Blizzard II,Male,brown,-,Brown,175,Marvel Comics,-,bad,77,10/18/21 5:29,10/18/21 5:29
118,Blob,Male,brown,-,Brown,178,Marvel Comics,-,bad,230,10/18/21 5:29,10/18/21 5:29
119,Bloodaxe,Female,blue,Human,Brown,218,Marvel Comics,-,bad,495,10/18/21 5:29,10/18/21 5:29
120,Bloodhawk,Male,black,Mutant,No Hair,-99,Marvel Comics,-,good,-99,10/18/21 5:29,10/18/21 5:29
121,Bloodwraith,Male,white,-,No Hair,30.5,Marvel Comics,-,bad,-99,10/18/21 5:29,10/18/21 5:29
122,Blue Beetle,Male,blue,-,Brown,-99,DC Comics,-,good,-99,10/18/21 5:29,10/18/21 5:29
123,Blue Beetle,Male,-,-,-,-99,DC Comics,-,good,-99,10/18/21 5:29,10/18/21 5:29
124,Blue Beetle II,Male,blue,-,Brown,183,DC Comics,-,good,86,10/18/21 5:29,10/18/21 5:29
125,Blue Beetle III,Male,brown,Human,Black,-99,DC Comics,-,good,-99,10/18/21 5:29,10/18/21 5:29
126,Boba Fett,Male,brown,Human / Clone,Black,183,George Lucas,-,bad,-99,10/18/21 5:29,10/18/21 5:29
127,Bolt,Male,-,-,-,-99,Marvel Comics,-,good,-99,10/18/21 5:29,10/18/21 5:29
128,Bomb Queen,Female,-,-,-,-99,Image Comics,-,bad,-99,10/18/21 5:29,10/18/21 5:29
129,Boom-Boom,Female,blue,Mutant,Blond,165,Marvel Comics,-,good,55,10/18/21 5:29,10/18/21 5:29
130,Boomer,Female,-,-,-,-99,Marvel Comics,-,good,-99,10/18/21 5:29,10/18/21 5:29
131,Booster Gold,Male,blue,Human,Blond,196,DC Comics,-,good,97,10/18/21 5:29,10/18/21 5:29
132,Box,Male,-,-,-,-99,Marvel Comics,-,good,-99,10/18/21 5:29,10/18/21 5:29
133,Box III,-,blue,-,Blond,193,Marvel Comics,-,good,110,10/18/21 5:29,10/18/21 5:29
134,Box IV,-,brown,-,Brown / Black,-99,Marvel Comics,-,good,-99,10/18/21 5:29,10/18/21 5:29
135,Brainiac,Male,green,Android,No Hair,198,DC Comics,green,bad,135,10/18/21 5:29,10/18/21 5:29
136,Brainiac 5,Male,green,-,Blond,170,DC Comics,-,good,61,10/18/21 5:29,10/18/21 5:29
137,Brother Voodoo,Male,brown,Human,Brown / White,183,Marvel Comics,-,good,99,10/18/21 5:29,10/18/21 5:29
138,Brundlefly,Male,-,Mutant,-,193,,-,-,-99,10/18/21 5:29,10/18/21 5:29
139,Buffy,Female,green,Human,Blond,157,Dark Horse Comics,-,good,52,10/18/21 5:29,10/18/21 5:29
140,Bullseye,Male,blue,Human,blond,183,Marvel Comics,-,bad,90,10/18/21 5:29,10/18/21 5:29
141,Bumblebee,Female,brown,Human,Black,170,DC Comics,-,good,59,10/18/21 5:29,10/18/21 5:29
142,Bumbleboy,Male,-,-,-,-99,Marvel Comics,-,good,-99,10/18/21 5:29,10/18/21 5:29
143,Bushido,Male,-,Human,-,-99,DC Comics,-,good,-99,10/18/21 5:29,10/18/21 5:29
144,Cable,Male,blue,Mutant,White,203,Marvel Comics,-,good,158,10/18/21 5:29,10/18/21 5:29
145,Callisto,Female,blue,-,Black,175,Marvel Comics,-,bad,74,10/18/21 5:29,10/18/21 5:29
146,Cameron Hicks,Male,-,Alpha,-,-99,SyFy,-,good,-99,10/18/21 5:29,10/18/21 5:29
147,Cannonball,Male,blue,-,Blond,183,Marvel Comics,-,good,81,10/18/21 5:29,10/18/21 5:29
148,Captain America,Male,blue,Human,blond,188,Marvel Comics,-,good,108,10/18/21 5:29,10/18/21 5:29
149,Captain Atom,Male,blue,Human / Radiation,Silver,193,DC Comics,silver,good,90,10/18/21 5:29,10/18/21 5:29
150,Captain Britain,Male,blue,Human,Blond,198,Marvel Comics,-,good,116,10/18/21 5:29,10/18/21 5:29
151,Captain Cold,Male,brown,Human,Brown,-99,DC Comics,-,neutral,-99,10/18/21 5:29,10/18/21 5:29
152,Captain Epic,Male,blue,-,Brown,188,Team Epic TV,-,good,-99,10/18/21 5:29,10/18/21 5:29
153,Captain Hindsight,Male,-,Human,Black,-99,South Park,-,good,-99,10/18/21 5:29,10/18/21 5:29
154,Captain Mar-vell,Male,blue,-,Blond,188,Marvel Comics,-,good,108,10/18/21 5:29,10/18/21 5:29
155,Captain Marvel,Female,blue,Human-Kree,Blond,180,Marvel Comics,-,good,74,10/18/21 5:29,10/18/21 5:29
156,Captain Marvel,Male,blue,Human,Black,193,DC Comics,-,good,101,10/18/21 5:29,10/18/21 5:29
157,Captain Marvel II,Male,blue,Human,Black,175,DC Comics,-,good,74,10/18/21 5:29,10/18/21 5:29
158,Captain Midnight,Male,-,Human,-,-99,Dark Horse Comics,-,good,-99,10/18/21 5:29,10/18/21 5:29
159,Captain Planet,Male,red,God / Eternal,Green,-99,Marvel Comics,-,good,-99,10/18/21 5:29,10/18/21 5:29
160,Captain Universe,-,-,God / Eternal,-,-99,Marvel Comics,-,good,-99,10/18/21 5:29,10/18/21 5:29
161,Carnage,Male,green,Symbiote,Red,185,Marvel Comics,-,bad,86,10/18/21 5:29,10/18/21 5:29
162,Cat,Female,blue,-,Blond,173,Marvel Comics,-,good,61,10/18/21 5:29,10/18/21 5:29
163,Cat II,Female,-,-,-,-99,Marvel Comics,-,good,-99,10/18/21 5:29,10/18/21 5:29
164,Catwoman,Female,green,Human,Black,175,DC Comics,-,good,61,10/18/21 5:29,10/18/21 5:29
165,Cecilia Reyes,-,brown,-,Brown,170,Marvel Comics,-,good,62,10/18/21 5:29,10/18/21 5:29
166,Century,Male,white,Alien,White,201,Marvel Comics,grey,good,97,10/18/21 5:29,10/19/21 5:29
167,Cerebra,Female,-,Mutant,-,-99,Marvel Comics,-,good,-99,10/18/21 5:29,10/18/21 5:29
168,Chamber,Male,brown,Mutant,Brown,175,Marvel Comics,-,good,63,10/18/21 5:29,10/18/21 5:29
169,Chameleon,Male,-,-,-,-99,DC Comics,-,bad,-99,10/18/21 5:29,10/18/21 5:29
170,Changeling,Male,brown,-,Black,180,Marvel Comics,-,bad,81,10/18/21 5:29,10/18/21 5:29
171,Cheetah,Female,green,Human,Blond,163,DC Comics,-,bad,50,10/18/21 5:29,10/18/21 5:29
172,Cheetah II,Female,green,Human,Brown,170,DC Comics,-,bad,55,10/18/21 5:29,10/18/21 5:29
173,Cheetah III,Female,brown,Human,Brown,175,DC Comics,-,bad,54,10/18/21 5:29,10/18/21 5:29
174,Chromos,Male,brown,-,Red / Grey,185,Team Epic TV,-,bad,86,10/18/21 5:29,10/18/21 5:29
175,Chuck Norris,Male,-,-,-,178,,-,good,-99,10/18/21 5:29,10/18/21 5:29
176,Citizen Steel,Male,green,Human,Red,183,DC Comics,-,good,170,10/18/21 5:29,10/18/21 5:29
177,Claire Bennet,Female,blue,-,Blond,-99,NBC - Heroes,-,good,-99,10/18/21 5:29,10/18/21 5:29
178,Clea,-,-,-,White,-99,Marvel Comics,-,good,-99,10/18/21 5:29,10/18/21 5:29
179,Cloak,Male,brown,-,black,226,Marvel Comics,-,good,70,10/18/21 5:29,10/18/21 5:29
180,Clock King,Male,blue,Human,Black,178,DC Comics,-,bad,78,10/18/21 5:29,10/18/21 5:29
181,Cogliostro,Male,-,-,-,-99,Image Comics,-,bad,-99,10/18/21 5:29,10/18/21 5:29
182,Colin Wagner,Male,grey,-,Brown,-99,HarperCollins,-,good,-99,10/18/21 5:29,10/18/21 5:29
183,Colossal Boy,Male,-,-,-,-99,DC Comics,-,good,-99,10/18/21 5:29,10/18/21 5:29
184,Colossus,Male,silver,Mutant,Black,226,Marvel Comics,-,good,225,10/18/21 5:29,10/18/21 5:29
185,Copycat,Female,red,Mutant,White,183,Marvel Comics,blue,neutral,67,10/18/21 5:29,10/18/21 5:29
186,Corsair,Male,brown,-,Brown,191,Marvel Comics,-,good,79,10/18/21 5:29,10/18/21 5:29
187,Cottonmouth,Male,brown,Human,Black,183,Marvel Comics,-,bad,99,10/18/21 5:29,10/18/21 5:29
188,Crimson Crusader,Male,blue,-,Strawberry Blond,-99,Marvel Comics,-,good,-99,10/18/21 5:29,10/18/21 5:29
189,Crimson Dynamo,Male,brown,-,No Hair,180,Marvel Comics,-,good,104,10/18/21 5:29,10/18/21 5:29
190,Crystal,Female,green,Inhuman,Red,168,Marvel Comics,-,good,50,10/18/21 5:29,10/19/21 5:29
191,Curse,Male,-,-,-,-99,Image Comics,-,bad,-99,10/18/21 5:29,10/18/21 5:29
192,Cy-Gor,Male,-,-,-,-99,Image Comics,-,bad,-99,10/18/21 5:29,10/18/21 5:29
193,Cyborg,Male,brown,Cyborg,Black,198,DC Comics,-,good,173,10/18/21 5:29,10/18/21 5:29
194,Cyborg Superman,Male,blue,Cyborg,Black,-99,DC Comics,-,bad,-99,10/18/21 5:29,10/18/21 5:29
195,Cyclops,Male,brown,Mutant,Brown,191,Marvel Comics,-,good,88,10/18/21 5:29,10/18/21 5:29
196,Cypher,-,blue,-,Blond,175,Marvel Comics,-,good,68,10/18/21 5:29,10/19/21 5:29
197,Dagger,Female,blue,-,Blond,165,Marvel Comics,-,good,52,10/18/21 5:29,10/18/21 5:29
198,Danny Cooper,Male,brown,-,Blond,-99,HarperCollins,-,good,-99,10/18/21 5:29,10/18/21 5:29
199,Daphne Powell,Female,-,-,-,-99,ABC Studios,-,good,-99,10/18/21 5:29,10/18/21 5:29
200,Daredevil,Male,blue,Human,Red,183,Marvel Comics,-,good,90,10/18/21 5:29,10/18/21 5:29
201,Darkhawk,Male,brown,Human,Brown,185,Marvel Comics,-,good,81,10/18/21 5:29,10/18/21 5:29
202,Darkman,Male,-,-,-,-99,Universal Studios,-,good,-99,10/18/21 5:29,10/18/21 5:29
203,Darkseid,Male,red,New God,No Hair,267,DC Comics,grey,bad,817,10/18/21 5:29,10/18/21 5:29
204,Darkside,-,-,-,-,-99,,-,bad,-99,10/18/21 5:29,10/18/21 5:29
205,Darkstar,Female,brown,Mutant,Blond,168,Marvel Comics,-,good,56,10/18/21 5:29,10/18/21 5:29
206,Darth Maul,Male,yellow / red,Dathomirian Zabrak,-,170,George Lucas,red / black,bad,-99,10/18/21 5:29,10/19/21 5:29
207,Darth Vader,Male,yellow,Cyborg,No Hair,198,George Lucas,-,bad,135,10/18/21 5:29,10/18/21 5:29
208,Dash,Male,blue,Human,Blond,122,Dark Horse Comics,-,good,27,10/18/21 5:29,10/18/21 5:29
209,Data,Male,yellow,Android,Brown,-99,Star Trek,-,good,-99,10/18/21 5:29,10/18/21 5:29
210,Dazzler,Female,blue,Mutant,Blond,173,Marvel Comics,-,good,52,10/18/21 5:29,10/18/21 5:29
211,Deadman,Male,blue,Human,Black,183,DC Comics,-,good,90,10/18/21 5:29,10/18/21 5:29
212,Deadpool,Male,brown,Mutant,No Hair,188,Marvel Comics,-,neutral,95,10/18/21 5:29,10/18/21 5:29
213,Deadshot,Male,brown,Human,Brown,185,DC Comics,-,bad,91,10/18/21 5:29,10/18/21 5:29
214,Deathlok,Male,brown,Cyborg,Grey,193,Marvel Comics,-,good,178,10/18/21 5:29,10/18/21 5:29
215,Deathstroke,Male,blue,Human,White,193,DC Comics,-,neutral,101,10/18/21 5:29,10/18/21 5:29
216,Demogoblin,Male,red,Demon,No Hair,185,Marvel Comics,-,bad,95,10/18/21 5:29,10/18/21 5:29
217,Destroyer,Male,-,-,-,188,Marvel Comics,-,bad,383,10/18/21 5:29,10/18/21 5:29
218,Diamondback,Male,brown,Human,Black,193,Marvel Comics,-,bad,90,10/18/21 5:29,10/18/21 5:29
219,DL Hawkins,Male,-,-,-,-99,NBC - Heroes,-,good,-99,10/18/21 5:29,10/18/21 5:29
220,Doc Samson,Male,blue,Human / Radiation,Green,198,Marvel Comics,-,good,171,10/18/21 5:29,10/18/21 5:29
221,Doctor Doom,Male,brown,Human,Brown,201,Marvel Comics,-,bad,187,10/18/21 5:29,10/18/21 5:29
222,Doctor Doom II,Male,brown,-,Brown,201,Marvel Comics,-,bad,132,10/18/21 5:29,10/18/21 5:29
223,Doctor Fate,Male,blue,Human,Blond,188,DC Comics,-,good,89,10/18/21 5:29,10/18/21 5:29
224,Doctor Octopus,Male,brown,Human,Brown,175,Marvel Comics,-,bad,110,10/18/21 5:29,10/18/21 5:29
225,Doctor Strange,Male,grey,Human,Black,188,Marvel Comics,-,good,81,10/18/21 5:29,10/18/21 5:29
226,Domino,Female,blue,Human,Black,173,Marvel Comics,white,good,54,10/18/21 5:29,10/18/21 5:29
227,Donatello,Male,green,Mutant,No Hair,-99,IDW Publishing,green,good,-99,10/18/21 5:29,10/18/21 5:29
228,Donna Troy,Female,blue,Amazon,Black,175,DC Comics,-,good,63,10/18/21 5:29,10/18/21 5:29
229,Doomsday,Male,red,Alien,White,244,DC Comics,-,bad,412,10/18/21 5:29,10/18/21 5:29
230,Doppelganger,Male,white,-,No Hair,196,Marvel Comics,-,bad,104,10/18/21 5:29,10/18/21 5:29
231,Dormammu,Male,yellow,-,No Hair,185,Marvel Comics,-,bad,-99,10/18/21 5:29,10/18/21 5:29
232,Dr Manhattan,Male,white,Human / Cosmic,No Hair,-99,DC Comics,blue,good,-99,10/18/21 5:29,10/18/21 5:29
233,Drax the Destroyer,Male,red,Human / Altered,No Hair,193,Marvel Comics,green,good,306,10/18/21 5:29,10/18/21 5:29
234,Ego,-,-,-,-,-99,Marvel Comics,-,bad,-99,10/18/21 5:29,10/18/21 5:29
235,Elastigirl,Female,brown,Human,Brown,168,Dark Horse Comics,-,good,56,10/18/21 5:29,10/18/21 5:29
236,Electro,Male,blue,Human,Auburn,180,Marvel Comics,-,bad,74,10/18/21 5:29,10/18/21 5:29
237,Elektra,Female,blue,Human,Black,175,Marvel Comics,-,good,59,10/18/21 5:29,10/18/21 5:29
238,Elle Bishop,Female,blue,-,Blond,-99,NBC - Heroes,-,bad,-99,10/18/21 5:29,10/19/21 5:29
239,Elongated Man,Male,blue,-,Red,185,DC Comics,-,good,80,10/18/21 5:29,10/18/21 5:29
240,Emma Frost,Female,blue,-,Blond,178,Marvel Comics,-,good,65,10/18/21 5:29,10/18/21 5:29
241,Enchantress,Female,blue,Human,Blond,168,DC Comics,-,good,57,10/18/21 5:29,10/18/21 5:29
242,Energy,Female,-,-,-,-99,HarperCollins,-,good,-99,10/18/21 5:29,10/18/21 5:29
243,ERG-1,Male,-,-,-,-99,DC Comics,-,good,-99,10/18/21 5:29,10/19/21 5:29
244,Ethan Hunt,Male,brown,Human,Brown,168,,-,good,-99,10/18/21 5:29,10/18/21 5:29
245,Etrigan,Male,red,Demon,No Hair,193,DC Comics,yellow,neutral,203,10/18/21 5:29,10/18/21 5:29
246,Evil Deadpool,Male,white,Mutant,Red,188,Marvel Comics,-,bad,95,10/18/21 5:29,10/18/21 5:29
247,Evilhawk,Male,red,Alien,Black,191,Marvel Comics,green,bad,106,10/18/21 5:29,10/18/21 5:29
248,Exodus,Male,blue,Mutant,Black,183,Marvel Comics,red,bad,88,10/18/21 5:29,10/18/21 5:29
249,Fabian Cortez,-,blue,-,Brown,196,Marvel Comics,-,bad,96,10/18/21 5:29,10/18/21 5:29
250,Falcon,Male,brown,Human,Black,188,Marvel Comics,-,good,108,10/18/21 5:29,10/18/21 5:29
251,Fallen One II,Male,black,-,Blue,-99,Marvel Comics,-,bad,-99,10/18/21 5:29,10/19/21 5:29
252,Faora,Female,-,Kryptonian,-,-99,DC Comics,-,bad,-99,10/18/21 5:29,10/18/21 5:29
253,Feral,-,yellow (without irises),-,Orange / White,175,Marvel Comics,-,good,50,10/18/21 5:29,10/18/21 5:29
254,Fighting Spirit,Female,-,-,Red,-99,DC Comics,-,good,-99,10/18/21 5:29,10/18/21 5:29
255,Fin Fang Foom,Male,red,Kakarantharaian,No Hair,975,Marvel Comics,green,good,18,10/18/21 5:29,10/18/21 5:29
256,Firebird,Female,brown,-,Black,165,Marvel Comics,-,good,56,10/18/21 5:29,10/18/21 5:29
257,Firelord,-,white,-,Yellow,193,Marvel Comics,-,good,99,10/18/21 5:29,10/18/21 5:29
258,Firestar,Female,green,Mutant,Red,173,Marvel Comics,-,good,56,10/18/21 5:29,10/18/21 5:29
259,Firestorm,Male,brown,-,Black,-99,DC Comics,-,good,-99,10/18/21 5:29,10/18/21 5:29
260,Firestorm,Male,blue,Human,Auburn,188,DC Comics,-,good,91,10/18/21 5:29,10/18/21 5:29
261,Fixer,-,red,-,No Hair,-99,Marvel Comics,-,bad,-99,10/18/21 5:29,10/18/21 5:29
262,Flash,Male,blue,Human,Brown / White,180,DC Comics,-,good,81,10/18/21 5:29,10/18/21 5:29
263,Flash Gordon,Male,-,-,-,-99,,-,good,-99,10/18/21 5:29,10/18/21 5:29
264,Flash II,Male,blue,Human,Blond,183,DC Comics,-,good,88,10/18/21 5:29,10/18/21 5:29
265,Flash III,Male,-,Human,-,183,DC Comics,-,good,86,10/18/21 5:29,10/18/21 5:29
266,Flash IV,Male,yellow,Human,Auburn,157,DC Comics,-,good,52,10/18/21 5:29,10/18/21 5:29
267,Forge,-,brown,-,Black,183,Marvel Comics,-,good,81,10/18/21 5:29,10/18/21 5:29
268,Franklin Richards,Male,blue,Mutant,Blond,142,Marvel Comics,-,good,45,10/18/21 5:29,10/18/21 5:29
269,Franklin Storm,-,blue,-,Grey,188,Marvel Comics,-,good,92,10/18/21 5:29,10/18/21 5:29
270,Frenzy,Female,brown,-,Black,211,Marvel Comics,-,bad,104,10/18/21 5:29,10/18/21 5:29
271,Frigga,Female,blue,-,White,180,Marvel Comics,-,good,167,10/18/21 5:29,10/18/21 5:29
272,Galactus,Male,black,Cosmic Entity,Black,876,Marvel Comics,-,neutral,16,10/18/21 5:29,10/18/21 5:29
273,Gambit,Male,red,Mutant,Brown,185,Marvel Comics,-,good,81,10/18/21 5:29,10/18/21 5:29
274,Gamora,Female,yellow,Zen-Whoberian,Black,183,Marvel Comics,green,good,77,10/18/21 5:29,10/18/21 5:29
275,Garbage Man,Male,-,Mutant,-,-99,DC Comics,-,good,-99,10/18/21 5:29,10/18/21 5:29
276,Gary Bell,Male,-,Alpha,-,-99,SyFy,-,good,-99,10/18/21 5:29,10/18/21 5:29
277,General Zod,Male,black,Kryptonian,Black,-99,DC Comics,-,bad,-99,10/18/21 5:29,10/18/21 5:29
278,Genesis,Male,blue,-,Blond,185,Marvel Comics,-,good,86,10/18/21 5:29,10/18/21 5:29
279,Ghost Rider,Male,red,Demon,No Hair,188,Marvel Comics,-,good,99,10/18/21 5:29,10/18/21 5:29
280,Ghost Rider II,-,-,-,-,-99,Marvel Comics,-,good,-99,10/18/21 5:29,10/18/21 5:29
281,Giant-Man,Male,-,Human,-,-99,Marvel Comics,-,good,-99,10/18/21 5:29,10/18/21 5:29
282,Giant-Man II,Male,-,-,-,-99,Marvel Comics,-,good,-99,10/18/21 5:29,10/18/21 5:29
283,Giganta,Female,green,-,Red,62.5,DC Comics,-,bad,630,10/18/21 5:29,10/18/21 5:29
284,Gladiator,Male,blue,Strontian,Blue,198,Marvel Comics,purple,neutral,268,10/18/21 5:29,10/18/21 5:29
285,Goblin Queen,Female,green,-,Red,168,Marvel Comics,-,bad,50,10/18/21 5:29,10/18/21 5:29
286,Godzilla,-,-,Kaiju,-,108,,grey,bad,,10/18/21 5:29,10/18/21 5:29
287,Gog,Male,-,-,-,-99,DC Comics,-,bad,-99,10/18/21 5:29,10/18/21 5:29
288,Goku,Male,-,Saiyan,-,175,Shueisha,-,good,62,10/18/21 5:29,10/18/21 5:29
289,Goliath,Male,-,-,-,-99,Marvel Comics,-,good,-99,10/18/21 5:29,10/18/21 5:29
290,Goliath,Male,-,Human,-,-99,Marvel Comics,-,good,-99,10/18/21 5:29,10/18/21 5:29
291,Goliath,Male,-,Human,-,-99,Marvel Comics,-,good,-99,10/18/21 5:29,10/18/21 5:29
292,Goliath IV,Male,brown,-,Black,183,Marvel Comics,-,good,90,10/18/21 5:29,10/18/21 5:29
293,Gorilla Grodd,Male,yellow,Gorilla,Black,198,DC Comics,-,bad,270,10/18/21 5:29,10/18/21 5:29
294,Granny Goodness,Female,blue,-,White,178,DC Comics,-,bad,115,10/18/21 5:29,10/18/21 5:29
295,Gravity,Male,blue,Human,Brown,178,Marvel Comics,-,good,79,10/18/21 5:29,10/18/21 5:29
296,Greedo,Male,purple,Rodian,-,170,George Lucas,green,bad,-99,10/18/21 5:29,10/18/21 5:29
297,Green Arrow,Male,green,Human,Blond,188,DC Comics,-,good,88,10/18/21 5:29,10/18/21 5:29
298,Green Goblin,Male,blue,Human,Auburn,180,Marvel Comics,-,bad,83,10/18/21 5:29,10/18/21 5:29
299,Green Goblin II,Male,blue,-,Auburn,178,Marvel Comics,-,bad,77,10/18/21 5:29,10/18/21 5:29
300,Green Goblin III,Male,-,-,-,183,Marvel Comics,-,good,88,10/18/21 5:29,10/18/21 5:29
301,Green Goblin IV,Male,green,-,Brown,178,Marvel Comics,-,good,79,10/18/21 5:29,10/18/21 5:29
302,Groot,Male,yellow,Flora Colossus,-,701,Marvel Comics,-,good,4,10/18/21 5:29,10/18/21 5:29
303,Guardian,Male,brown,Human,Black,-99,Marvel Comics,-,good,-99,10/18/21 5:29,10/18/21 5:29
304,Guy Gardner,Male,blue,Human-Vuldarian,Red,188,DC Comics,-,good,95,10/18/21 5:29,10/18/21 5:29
305,Hal Jordan,Male,brown,Human,Brown,188,DC Comics,-,good,90,10/18/21 5:29,10/18/21 5:29
306,Han Solo,Male,brown,Human,Brown,183,George Lucas,-,good,79,10/18/21 5:29,10/18/21 5:29
307,Hancock,Male,brown,Human,Black,188,Sony Pictures,-,good,-99,10/18/21 5:29,10/18/21 5:29
308,Harley Quinn,Female,blue,Human,Blond,170,DC Comics,-,bad,63,10/18/21 5:29,10/18/21 5:29
309,Harry Potter,Male,green,Human,Black,-99,J. K. Rowling,-,good,-99,10/18/21 5:29,10/18/21 5:29
310,Havok,Male,blue,Mutant,Blond,183,Marvel Comics,-,good,79,10/18/21 5:29,10/18/21 5:29
311,Hawk,Male,red,-,Brown,185,DC Comics,-,good,89,10/18/21 5:29,10/18/21 5:29
312,Hawkeye,Male,blue,Human,Blond,191,Marvel Comics,-,good,104,10/18/21 5:29,10/18/21 5:29
313,Hawkeye II,Female,blue,Human,Black,165,Marvel Comics,-,good,57,10/18/21 5:29,10/18/21 5:29
314,Hawkgirl,Female,green,-,Red,175,DC Comics,-,good,61,10/18/21 5:29,10/18/21 5:29
315,Hawkman,Male,blue,-,Brown,185,DC Comics,-,good,88,10/18/21 5:29,10/18/21 5:29
316,Hawkwoman,Female,green,-,Red,175,DC Comics,-,good,54,10/18/21 5:29,10/18/21 5:29
317,Hawkwoman II,Female,-,-,-,-99,DC Comics,-,good,-99,10/18/21 5:29,10/18/21 5:29
318,Hawkwoman III,Female,blue,-,Red,170,DC Comics,-,good,65,10/18/21 5:29,10/19/21 5:29
319,Heat Wave,Male,blue,Human,No Hair,180,DC Comics,-,bad,81,10/18/21 5:29,10/18/21 5:29
320,Hela,Female,green,Asgardian,Black,213,Marvel Comics,-,bad,225,10/18/21 5:29,10/18/21 5:29
321,Hellboy,Male,gold,Demon,Black,259,Dark Horse Comics,-,good,158,10/18/21 5:29,10/18/21 5:29
322,Hellcat,Female,blue,Human,Red,173,Marvel Comics,-,good,61,10/18/21 5:29,10/18/21 5:29
323,Hellstorm,Male,red,-,Red,185,Marvel Comics,-,good,81,10/18/21 5:29,10/18/21 5:29
324,Hercules,Male,blue,Demi-God,Brown,196,Marvel Comics,-,good,146,10/18/21 5:29,10/19/21 5:29
325,Hiro Nakamura,Male,-,-,-,-99,NBC - Heroes,-,good,-99,10/18/21 5:29,10/18/21 5:29
326,Hit-Girl,Female,-,Human,-,-99,Icon Comics,-,good,-99,10/18/21 5:29,10/18/21 5:29
327,Hobgoblin,Male,blue,-,Grey,180,Marvel Comics,-,bad,83,10/18/21 5:29,10/18/21 5:29
328,Hollow,Female,blue,-,Red,170,Marvel Comics,-,good,-99,10/18/21 5:29,10/18/21 5:29
329,Hope Summers,Female,green,-,Red,168,Marvel Comics,-,good,48,10/18/21 5:29,10/18/21 5:29
330,Howard the Duck,Male,brown,-,Yellow,79,Marvel Comics,-,good,18,10/18/21 5:29,10/18/21 5:29
331,Hulk,Male,green,Human / Radiation,Green,244,Marvel Comics,green,good,630,10/18/21 5:29,10/18/21 5:29
332,Human Torch,Male,blue,Human / Radiation,Blond,178,Marvel Comics,-,good,77,10/18/21 5:29,10/19/21 5:29
333,Huntress,Female,blue,-,Black,180,DC Comics,-,good,59,10/18/21 5:29,10/18/21 5:29
334,Husk,Female,blue,Mutant,Blond,170,Marvel Comics,-,good,58,10/18/21 5:29,10/18/21 5:29
335,Hybrid,Male,brown,Symbiote,Black,175,Marvel Comics,-,good,77,10/18/21 5:29,10/18/21 5:29
336,Hydro-Man,Male,brown,-,Brown,188,Marvel Comics,-,bad,119,10/18/21 5:29,10/18/21 5:29
337,Hyperion,Male,blue,Eternal,Red,183,Marvel Comics,-,good,207,10/18/21 5:29,10/18/21 5:29
338,Iceman,Male,brown,Mutant,Brown,173,Marvel Comics,-,good,65,10/18/21 5:29,10/18/21 5:29
339,Impulse,Male,yellow,Human,Auburn,170,DC Comics,-,good,65,10/18/21 5:29,10/18/21 5:29
340,Indiana Jones,Male,-,Human,-,183,George Lucas,-,good,79,10/18/21 5:29,10/18/21 5:29
341,Indigo,Female,-,Alien,Purple,-99,DC Comics,-,neutral,-99,10/18/21 5:29,10/18/21 5:29
342,Ink,Male,blue,Mutant,No Hair,180,Marvel Comics,-,good,81,10/18/21 5:29,10/18/21 5:29
343,Invisible Woman,Female,blue,Human / Radiation,Blond,168,Marvel Comics,-,good,54,10/18/21 5:29,10/18/21 5:29
344,Iron Fist,Male,blue,Human,Blond,180,Marvel Comics,-,good,79,10/18/21 5:29,10/18/21 5:29
345,Iron Man,Male,blue,Human,Black,198,Marvel Comics,-,good,191,10/18/21 5:29,10/18/21 5:29
346,Iron Monger,Male,blue,-,No Hair,-99,Marvel Comics,-,bad,2,10/18/21 5:29,10/18/21 5:29
347,Isis,Female,-,-,-,-99,DC Comics,-,good,-99,10/18/21 5:29,10/18/21 5:29
348,Jack Bauer,Male,-,-,-,-99,,-,good,-99,10/18/21 5:29,10/18/21 5:29
349,Jack of Hearts,Male,blue / white,Human,Brown,155,Marvel Comics,-,good,79,10/18/21 5:29,10/18/21 5:29
350,Jack-Jack,Male,blue,Human,Brown,71,Dark Horse Comics,-,good,14,10/18/21 5:29,10/18/21 5:29
351,James Bond,Male,blue,Human,Blond,183,Titan Books,-,good,-99,10/18/21 5:29,10/18/21 5:29
352,James T. Kirk,Male,hazel,Human,Brown,178,Star Trek,-,good,77,10/18/21 5:29,10/18/21 5:29
353,Jar Jar Binks,Male,yellow,Gungan,-,193,George Lucas,orange / white,good,-99,10/18/21 5:29,10/18/21 5:29
354,Jason Bourne,Male,-,Human,-,-99,,-,good,-99,10/18/21 5:29,10/18/21 5:29
355,Jean Grey,Female,green,Mutant,Red,168,Marvel Comics,-,good,52,10/18/21 5:29,10/18/21 5:29
356,Jean-Luc Picard,Male,-,Human,-,-99,Star Trek,-,good,-99,10/18/21 5:29,10/18/21 5:29
357,Jennifer Kale,Female,blue,-,Blond,168,Marvel Comics,-,good,55,10/18/21 5:29,10/18/21 5:29
358,Jesse Quick,Female,-,Human,-,-99,DC Comics,-,good,-99,10/18/21 5:29,10/18/21 5:29
359,Jessica Cruz,Female,green,Human,Brown,-99,DC Comics,-,good,-99,10/18/21 5:29,10/18/21 5:29
360,Jessica Jones,Female,brown,Human,Brown,170,Marvel Comics,-,good,56,10/18/21 5:29,10/18/21 5:29
361,Jessica Sanders,Female,-,-,-,-99,NBC - Heroes,-,good,-99,10/18/21 5:29,10/18/21 5:29
362,Jigsaw,Male,blue,-,Black,188,Marvel Comics,-,bad,113,10/18/21 5:29,10/18/21 5:29
363,Jim Powell,Male,-,-,-,-99,ABC Studios,-,good,-99,10/18/21 5:29,10/18/21 5:29
364,JJ Powell,Male,-,-,-,-99,ABC Studios,-,good,-99,10/18/21 5:29,10/18/21 5:29
365,Johann Krauss,Male,-,-,-,-99,Dark Horse Comics,-,good,-99,10/18/21 5:29,10/18/21 5:29
366,John Constantine,Male,blue,Human,Blond,183,DC Comics,-,good,-99,10/18/21 5:29,10/18/21 5:29
367,John Stewart,Male,green,Human,Black,185,DC Comics,-,good,90,10/18/21 5:29,10/18/21 5:29
368,John Wraith,Male,brown,-,Black,183,Marvel Comics,-,good,88,10/18/21 5:29,10/18/21 5:29
369,Joker,Male,green,Human,Green,196,DC Comics,white,bad,86,10/18/21 5:29,10/18/21 5:29
370,Jolt,Female,blue,-,Black,165,Marvel Comics,-,good,49,10/18/21 5:29,10/18/21 5:29
371,Jubilee,Female,red,Mutant,Black,165,Marvel Comics,-,good,52,10/18/21 5:29,10/18/21 5:29
372,Judge Dredd,Male,-,Human,-,188,Rebellion,-,good,-99,10/18/21 5:29,10/18/21 5:29
373,Juggernaut,Male,blue,Human,Red,287,Marvel Comics,-,neutral,855,10/18/21 5:29,10/18/21 5:29
374,Junkpile,Male,-,Mutant,-,-99,Marvel Comics,-,bad,-99,10/18/21 5:29,10/18/21 5:29
375,Justice,Male,hazel,Human,Brown,178,Marvel Comics,-,good,81,10/18/21 5:29,10/18/21 5:29
376,Jyn Erso,Female,green,Human,Brown,-99,George Lucas,-,good,-99,10/18/21 5:29,10/18/21 5:29
377,K-2SO,Male,white,Android,No Hair,213,George Lucas,gray,good,-99,10/18/21 5:29,10/18/21 5:29
378,Kang,Male,brown,-,Brown,191,Marvel Comics,-,bad,104,10/18/21 5:29,10/18/21 5:29
379,Karate Kid,Male,brown,Human,Brown,173,DC Comics,-,good,72,10/18/21 5:29,10/18/21 5:29
380,Kathryn Janeway,Female,-,Human,-,-99,Star Trek,-,good,-99,10/18/21 5:29,10/18/21 5:29
381,Katniss Everdeen,Female,-,Human,-,-99,,-,good,-99,10/18/21 5:29,10/18/21 5:29
382,Kevin 11,Male,-,Human,Black,-99,DC Comics,-,good,-99,10/18/21 5:29,10/18/21 5:29
383,Kick-Ass,Male,blue,Human,Blond,-99,Icon Comics,-,good,-99,10/18/21 5:29,10/18/21 5:29
384,Kid Flash,Male,green,Human,Red,-99,DC Comics,-,good,-99,10/18/21 5:29,10/18/21 5:29
385,Kid Flash II,Male,-,-,-,-99,DC Comics,-,good,-99,10/18/21 5:29,10/18/21 5:29
386,Killer Croc,Male,red,Metahuman,No Hair,244,DC Comics,green,bad,356,10/18/21 5:29,10/18/21 5:29
387,Killer Frost,Female,blue,Human,Blond,-99,DC Comics,blue,bad,-99,10/18/21 5:29,10/18/21 5:29
388,Kilowog,Male,red,Bolovaxian,No Hair,234,DC Comics,pink,good,324,10/18/21 5:29,10/18/21 5:29
389,King Kong,Male,yellow,Animal,Black,30.5,,-,good,,10/18/21 5:29,10/18/21 5:29
390,King Shark,Male,black,Animal,No Hair,-99,DC Comics,-,bad,-99,10/18/21 5:29,10/18/21 5:29
391,Kingpin,Male,blue,Human,No Hair,201,Marvel Comics,-,bad,203,10/18/21 5:29,10/18/21 5:29
392,Klaw,Male,red,Human,No Hair,188,Marvel Comics,red,bad,97,10/18/21 5:29,10/18/21 5:29
393,Kool-Aid Man,Male,black,-,No Hair,-99,,red,good,-99,10/18/21 5:29,10/18/21 5:29
394,Kraven II,Male,brown,Human,Black,191,Marvel Comics,-,bad,99,10/18/21 5:29,10/18/21 5:29
395,Kraven the Hunter,Male,brown,Human,Black,183,Marvel Comics,-,bad,106,10/18/21 5:29,10/18/21 5:29
396,Krypto,Male,blue,Kryptonian,White,64,DC Comics,-,good,18,10/18/21 5:29,10/18/21 5:29
397,Kyle Rayner,Male,green,Human,Black,180,DC Comics,-,good,79,10/18/21 5:29,10/18/21 5:29
398,Kylo Ren,Male,-,Human,-,-99,George Lucas,-,bad,-99,10/18/21 5:29,10/18/21 5:29
399,Lady Bullseye,Female,-,-,Black,-99,Marvel Comics,-,bad,-99,10/18/21 5:29,10/18/21 5:29
400,Lady Deathstrike,Female,brown,Cyborg,Black,175,Marvel Comics,-,bad,58,10/18/21 5:29,10/18/21 5:29
401,Leader,Male,green,-,No Hair,178,Marvel Comics,-,bad,63,10/18/21 5:29,10/18/21 5:29
402,Leech,Male,-,-,-,-99,Marvel Comics,-,good,-99,10/18/21 5:29,10/18/21 5:29
403,Legion,Male,green / blue,Mutant,Black,175,Marvel Comics,-,good,59,10/18/21 5:29,10/18/21 5:29
404,Leonardo,Male,blue,Mutant,No Hair,-99,IDW Publishing,green,good,-99,10/18/21 5:29,10/18/21 5:29
405,Lex Luthor,Male,green,Human,No Hair,188,DC Comics,-,bad,95,10/18/21 5:29,10/18/21 5:29
406,Light Lass,Female,blue,-,Red,165,DC Comics,-,good,54,10/18/21 5:29,10/18/21 5:29
407,Lightning Lad,Male,blue,-,Red,155,DC Comics,-,good,65,10/18/21 5:29,10/18/21 5:29
408,Lightning Lord,Male,blue,-,Red,191,DC Comics,-,bad,95,10/18/21 5:29,10/18/21 5:29
409,Living Brain,-,yellow,-,-,198,Marvel Comics,-,bad,360,10/18/21 5:29,10/18/21 5:29
410,Living Tribunal,-,blue,Cosmic Entity,No Hair,-99,Marvel Comics,gold,neutral,-99,10/18/21 5:29,10/18/21 5:29
411,Liz Sherman,Female,-,-,-,-99,Dark Horse Comics,-,good,-99,10/18/21 5:29,10/18/21 5:29
412,Lizard,Male,red,Human,No Hair,203,Marvel Comics,-,bad,230,10/18/21 5:29,10/18/21 5:29
413,Lobo,Male,red,Czarnian,Black,229,DC Comics,blue-white,neutral,288,10/18/21 5:29,10/18/21 5:29
414,Loki,Male,green,Asgardian,Black,193,Marvel Comics,-,bad,236,10/18/21 5:29,10/18/21 5:29
415,Longshot,Male,blue,Human,Blond,188,Marvel Comics,-,good,36,10/18/21 5:29,10/18/21 5:29
416,Luke Cage,Male,brown,Human,Black,198,Marvel Comics,-,good,191,10/18/21 5:29,10/18/21 5:29
417,Luke Campbell,Male,-,-,-,-99,NBC - Heroes,-,bad,-99,10/18/21 5:29,10/18/21 5:29
418,Luke Skywalker,Male,blue,Human,Blond,168,George Lucas,-,good,77,10/18/21 5:29,10/18/21 5:29
419,Luna,Female,-,Human,-,-99,Marvel Comics,-,good,-99,10/18/21 5:29,10/18/21 5:29
420,Lyja,Female,green,-,Green,-99,Marvel Comics,-,good,-99,10/18/21 5:29,10/18/21 5:29
421,Mach-IV,Male,brown,-,Brown,180,Marvel Comics,-,bad,79,10/18/21 5:29,10/18/21 5:29
422,Machine Man,-,red,-,Black,183,Marvel Comics,-,good,383,10/18/21 5:29,10/18/21 5:29
423,Magneto,Male,grey,Mutant,White,188,Marvel Comics,-,bad,86,10/18/21 5:29,10/18/21 5:29
424,Magog,Male,blue,-,Blond,-99,DC Comics,-,good,-99,10/18/21 5:29,10/18/21 5:29
425,Magus,Male,black,-,-,183,Marvel Comics,-,bad,-99,10/18/21 5:29,10/18/21 5:29
426,Man of Miracles,-,blue,God / Eternal,Silver,-99,Image Comics,-,-,-99,10/18/21 5:29,10/18/21 5:29
427,Man-Bat,Male,brown,Human,Brown,-99,DC Comics,-,neutral,-99,10/18/21 5:29,10/18/21 5:29
428,Man-Thing,Male,red,-,No Hair,213,Marvel Comics,green,good,225,10/18/21 5:29,10/18/21 5:29
429,Man-Wolf,Male,brown,-,Auburn,188,Marvel Comics,-,good,90,10/18/21 5:29,10/18/21 5:29
430,Mandarin,Male,blue,Human,White,188,Marvel Comics,-,bad,97,10/18/21 5:29,10/18/21 5:29
431,Mantis,Female,green,Human-Kree,Black,168,Marvel Comics,green,good,52,10/18/21 5:29,10/18/21 5:29
432,Martian Manhunter,Male,red,Martian,No Hair,201,DC Comics,green,good,135,10/18/21 5:29,10/18/21 5:29
433,Marvel Girl,Female,green,-,Red,170,Marvel Comics,-,good,56,10/18/21 5:29,10/18/21 5:29
434,Master Brood,Male,blue,-,Black,183,Team Epic TV,-,good,81,10/18/21 5:29,10/18/21 5:29
435,Master Chief,Male,brown,Human / Altered,Brown,213,Microsoft,-,good,-99,10/18/21 5:29,10/18/21 5:29
436,Match,Male,black,-,Black,-99,DC Comics,-,bad,-99,10/18/21 5:29,10/18/21 5:29
437,Matt Parkman,Male,-,-,-,-99,NBC - Heroes,-,good,-99,10/18/21 5:29,10/18/21 5:29
438,Maverick,Male,blue,-,Black,193,Marvel Comics,-,good,110,10/18/21 5:29,10/18/21 5:29
439,Maxima,Female,brown,-,Red,180,DC Comics,-,bad,72,10/18/21 5:29,10/18/21 5:29
440,Maya Herrera,Female,-,-,-,-99,NBC - Heroes,-,good,-99,10/18/21 5:29,10/18/21 5:29
441,Medusa,Female,green,Inhuman,Red,180,Marvel Comics,-,good,59,10/18/21 5:29,10/18/21 5:29
442,Meltdown,Female,blue,-,Blond,165,Marvel Comics,-,good,54,10/18/21 5:29,10/18/21 5:29
443,Mephisto,Male,white,-,Black,198,Marvel Comics,-,bad,140,10/18/21 5:29,10/18/21 5:29
444,Mera,Female,blue,Atlantean,Red,175,DC Comics,-,good,72,10/18/21 5:29,10/18/21 5:29
445,Metallo,Male,green,Android,Brown,196,DC Comics,-,bad,90,10/18/21 5:29,10/18/21 5:29
446,Metamorpho,Male,black,-,No Hair,185,DC Comics,-,good,90,10/18/21 5:29,10/18/21 5:29
447,Meteorite,Female,-,-,-,-99,Marvel Comics,-,good,-99,10/18/21 5:29,10/18/21 5:29
448,Metron,Male,blue,-,Black,185,DC Comics,-,good,86,10/18/21 5:29,10/18/21 5:29
449,Micah Sanders,Male,brown,-,Black,-99,NBC - Heroes,-,good,-99,10/18/21 5:29,10/18/21 5:29
450,Michelangelo,Male,blue,Mutant,-,-99,IDW Publishing,green,good,-99,10/18/21 5:29,10/18/21 5:29
451,Micro Lad,Male,grey,-,Brown,183,DC Comics,-,good,77,10/18/21 5:29,10/18/21 5:29
452,Mimic,Male,brown,-,Brown,188,Marvel Comics,-,good,101,10/18/21 5:29,10/18/21 5:29
453,Minna Murray,Female,-,-,-,-99,Wildstorm,-,good,-99,10/18/21 5:29,10/18/21 5:29
454,Misfit,Female,blue,-,Red,-99,DC Comics,-,good,-99,10/18/21 5:29,10/18/21 5:29
455,Miss Martian,Female,red,-,Red,178,DC Comics,-,good,61,10/18/21 5:29,10/18/21 5:29
456,Mister Fantastic,Male,brown,Human / Radiation,Brown,185,Marvel Comics,-,good,81,10/18/21 5:29,10/18/21 5:29
457,Mister Freeze,Male,-,Human,-,183,DC Comics,-,bad,86,10/18/21 5:29,10/18/21 5:29
458,Mister Knife,Male,blue,Spartoi,Brown,-99,Marvel Comics,-,bad,-99,10/18/21 5:29,10/18/21 5:29
459,Mister Mxyzptlk,Male,-,God / Eternal,-,-99,DC Comics,-,bad,-99,10/18/21 5:29,10/18/21 5:29
460,Mister Sinister,Male,red,Human / Altered,Black,196,Marvel Comics,-,bad,128,10/18/21 5:29,10/18/21 5:29
461,Mister Zsasz,Male,blue,Human,Blond,-99,DC Comics,-,bad,-99,10/18/21 5:29,10/18/21 5:29
462,Mockingbird,Female,blue,Human,Blond,175,Marvel Comics,-,good,61,10/18/21 5:29,10/18/21 5:29
463,MODOK,Male,white,Cyborg,Brownn,366,Marvel Comics,-,bad,338,10/18/21 5:29,10/18/21 5:29
464,Mogo,Male,-,Planet,-,-99,DC Comics,-,good,-99,10/18/21 5:29,10/18/21 5:29
465,Mohinder Suresh,Male,-,-,-,-99,NBC - Heroes,-,good,-99,10/18/21 5:29,10/18/21 5:29
466,Moloch,Male,-,-,-,-99,DC Comics,-,bad,-99,10/18/21 5:29,10/18/21 5:29
467,Molten Man,Male,gold,-,Gold,196,Marvel Comics,-,bad,248,10/18/21 5:29,10/18/21 5:29
468,Monarch,Male,blue,-,White,193,DC Comics,-,good,90,10/18/21 5:29,10/18/21 5:29
469,Monica Dawson,Female,-,-,-,-99,NBC - Heroes,-,good,-99,10/18/21 5:29,10/18/21 5:29
470,Moon Knight,Male,brown,Human,Brown,188,Marvel Comics,-,good,101,10/18/21 5:29,10/18/21 5:29
471,Moonstone,Female,blue,-,Blond,180,Marvel Comics,-,bad,59,10/18/21 5:29,10/18/21 5:29
472,Morlun,Male,white / red,-,Black,188,Marvel Comics,-,bad,79,10/18/21 5:29,10/18/21 5:29
473,Morph,Male,white,-,No Hair,178,Marvel Comics,-,good,79,10/18/21 5:29,10/18/21 5:29
474,Moses Magnum,Male,brown,-,Black,175,Marvel Comics,-,bad,72,10/18/21 5:29,10/18/21 5:29
475,Mr Immortal,Male,blue,Mutant,Blond,188,Marvel Comics,-,good,70,10/18/21 5:29,10/18/21 5:29
476,Mr Incredible,Male,blue,Human,Blond,201,Dark Horse Comics,-,good,158,10/18/21 5:29,10/18/21 5:29
477,Ms Marvel II,Female,blue,-,Red,173,Marvel Comics,-,good,61,10/18/21 5:29,10/18/21 5:29
478,Multiple Man,Male,blue,-,Brown,180,Marvel Comics,-,good,70,10/18/21 5:29,10/18/21 5:29
479,Mysterio,Male,brown,Human,No Hair,180,Marvel Comics,-,bad,79,10/18/21 5:29,10/18/21 5:29
480,Mystique,Female,yellow (without irises),Mutant,Red / Orange,178,Marvel Comics,blue,bad,54,10/18/21 5:29,10/18/21 5:29
481,Namor,Male,-,-,-,-99,Marvel Comics,-,good,-99,10/18/21 5:29,10/18/21 5:29
482,Namor,Male,grey,Atlantean,Black,188,Marvel Comics,-,good,125,10/18/21 5:29,10/18/21 5:29
483,Namora,Female,blue,-,Blond,180,Marvel Comics,-,good,85,10/18/21 5:29,10/18/21 5:29
484,Namorita,Female,blue,-,Blond,168,Marvel Comics,-,good,101,10/18/21 5:29,10/18/21 5:29
485,Naruto Uzumaki,Male,-,Human,-,168,Shueisha,-,good,54,10/18/21 5:29,10/18/21 5:29
486,Nathan Petrelli,Male,brown,-,-,-99,NBC - Heroes,-,good,-99,10/18/21 5:29,10/18/21 5:29
487,Nebula,Female,blue,Luphomoid,No Hair,185,Marvel Comics,blue,bad,83,10/18/21 5:29,10/18/21 5:29
488,Negasonic Teenage Warhead,Female,black,Mutant,Black,-99,Marvel Comics,-,good,-99,10/18/21 5:29,10/18/21 5:29
489,Nick Fury,Male,brown,Human,Brown / White,185,Marvel Comics,-,good,99,10/18/21 5:29,10/18/21 5:29
490,Nightcrawler,Male,yellow,-,Indigo,175,Marvel Comics,-,good,88,10/18/21 5:29,10/18/21 5:29
491,Nightwing,Male,blue,Human,Black,178,DC Comics,-,good,79,10/18/21 5:29,10/18/21 5:29
492,Niki Sanders,Female,blue,-,Blond,-99,NBC - Heroes,-,good,-99,10/18/21 5:29,10/18/21 5:29
493,Nina Theroux,Female,-,Alpha,-,-99,SyFy,-,good,-99,10/18/21 5:29,10/18/21 5:29
494,Nite Owl II,Male,-,-,-,-99,DC Comics,-,good,-99,10/18/21 5:29,10/18/21 5:29
495,Northstar,Male,blue,-,Black,180,Marvel Comics,-,good,83,10/18/21 5:29,10/18/21 5:29
496,Nova,Male,brown,Human,Brown,185,Marvel Comics,-,good,86,10/18/21 5:29,10/18/21 5:29
497,Nova,Female,white,Human / Cosmic,Red,163,Marvel Comics,gold,good,59,10/18/21 5:29,10/18/21 5:29
498,Odin,Male,blue,God / Eternal,White,206,Marvel Comics,-,good,293,10/18/21 5:29,10/18/21 5:29
499,Offspring,Male,-,-,-,-99,DC Comics,-,good,-99,10/18/21 5:29,10/18/21 5:29
500,Omega Red,Male,red,-,Blond,211,Marvel Comics,-,bad,191,10/18/21 5:29,10/18/21 5:29
501,Omniscient,Male,brown,-,Black,180,Team Epic TV,-,good,65,10/18/21 5:29,10/18/21 5:29
502,One Punch Man,Male,-,Human,No Hair,175,Shueisha,-,good,69,10/18/21 5:29,10/18/21 5:29
503,One-Above-All,-,-,Cosmic Entity,-,-99,Marvel Comics,-,neutral,-99,10/18/21 5:29,10/18/21 5:29
504,Onslaught,Male,red,Mutant,No Hair,305,Marvel Comics,-,bad,405,10/18/21 5:29,10/18/21 5:29
505,Oracle,Female,blue,Human,Red,178,DC Comics,-,good,59,10/18/21 5:29,10/18/21 5:29
506,Osiris,Male,brown,-,Brown,-99,DC Comics,-,good,-99,10/18/21 5:29,10/18/21 5:29
507,Overtkill,Male,-,-,-,-99,Image Comics,-,bad,-99,10/18/21 5:29,10/18/21 5:29
508,Ozymandias,Male,blue,Human,Blond,-99,DC Comics,-,bad,-99,10/18/21 5:29,10/18/21 5:29
509,Parademon,-,-,Parademon,-,-99,DC Comics,-,bad,-99,10/18/21 5:29,10/18/21 5:29
510,Paul Blart,Male,-,Human,-,170,Sony Pictures,-,good,117,10/18/21 5:29,10/18/21 5:29
511,Penance,-,-,-,-,-99,Marvel Comics,-,good,-99,10/18/21 5:29,10/18/21 5:29
512,Penance I,Female,-,-,-,-99,Marvel Comics,-,good,-99,10/18/21 5:29,10/18/21 5:29
513,Penance II,Male,blue,-,Blond,183,Marvel Comics,-,good,89,10/18/21 5:29,10/18/21 5:29
514,Penguin,Male,blue,Human,Black,157,DC Comics,-,bad,79,10/18/21 5:29,10/18/21 5:29
515,Peter Petrelli,Male,-,-,-,-99,NBC - Heroes,-,good,-99,10/18/21 5:29,10/18/21 5:29
516,Phantom,Male,-,-,-,-99,DC Comics,-,good,-99,10/18/21 5:29,10/18/21 5:29
517,Phantom Girl,Female,blue,-,Black,168,DC Comics,-,good,54,10/18/21 5:29,10/18/21 5:29
518,Phoenix,Female,green,Mutant,Red,168,Marvel Comics,-,good,52,10/18/21 5:29,10/18/21 5:29
519,Plantman,Male,green,Mutant,Grey,183,Marvel Comics,-,bad,87,10/18/21 5:29,10/18/21 5:29
520,Plastic Lad,Male,-,-,-,-99,DC Comics,-,good,-99,10/18/21 5:29,10/18/21 5:29
521,Plastic Man,Male,blue,Human,Black,185,DC Comics,-,good,80,10/18/21 5:29,10/18/21 5:29
522,Plastique,Female,blue,-,Red,168,DC Comics,-,bad,55,10/18/21 5:29,10/18/21 5:29
523,Poison Ivy,Female,green,Human,Red,168,DC Comics,green,bad,50,10/18/21 5:29,10/18/21 5:29
524,Polaris,Female,green,Mutant,Green,170,Marvel Comics,-,good,52,10/18/21 5:29,10/18/21 5:29
525,Power Girl,Female,blue,Kryptonian,blond,180,DC Comics,-,good,81,10/18/21 5:29,10/18/21 5:29
526,Power Man,Male,-,Mutant,-,-99,Marvel Comics,-,good,-99,10/18/21 5:29,10/18/21 5:29
527,Predator,Male,-,Yautja,-,213,Dark Horse Comics,-,bad,234,10/18/21 5:29,10/18/21 5:29
528,Professor X,Male,blue,Mutant,No Hair,183,Marvel Comics,-,good,86,10/18/21 5:29,10/18/21 5:29
529,Professor Zoom,Male,blue,Human,Strawberry Blond,180,DC Comics,-,bad,81,10/18/21 5:29,10/18/21 5:29
530,Proto-Goblin,Male,green,-,Blond,-99,Marvel Comics,-,bad,-99,10/18/21 5:29,10/18/21 5:29
531,Psylocke,Female,blue,Mutant,Purple,180,Marvel Comics,-,good,70,10/18/21 5:29,10/18/21 5:29
532,Punisher,Male,blue,Human,Black,183,Marvel Comics,-,good,90,10/18/21 5:29,10/18/21 5:29
533,Purple Man,Male,purple,Human,Purple,180,Marvel Comics,purple,bad,74,10/18/21 5:29,10/18/21 5:29
534,Pyro,Male,blue,-,Blond,178,Marvel Comics,-,bad,68,10/18/21 5:29,10/18/21 5:29
535,Q,Male,-,God / Eternal,-,-99,Star Trek,-,-,-99,10/18/21 5:29,10/18/21 5:29
536,Quantum,Male,-,-,-,-99,HarperCollins,-,good,-99,10/18/21 5:29,10/18/21 5:29
537,Question,Male,blue,Human,Blond,188,DC Comics,-,good,83,10/18/21 5:29,10/18/21 5:29
538,Quicksilver,Male,blue,Mutant,Silver,183,Marvel Comics,-,good,79,10/18/21 5:29,10/18/21 5:29
539,Quill,Male,brown,-,Brown,163,Marvel Comics,-,good,56,10/18/21 5:29,10/18/21 5:29
540,Ra's Al Ghul,Male,green,Human,Grey,193,DC Comics,-,bad,97,10/18/21 5:29,10/18/21 5:29
541,Rachel Pirzad,Female,-,Alpha,-,-99,SyFy,-,good,-99,10/18/21 5:29,10/18/21 5:29
542,Rambo,Male,brown,Human,Black,178,,-,good,83,10/18/21 5:29,10/18/21 5:29
543,Raphael,Male,-,Mutant,No Hair,-99,IDW Publishing,green,good,-99,10/18/21 5:29,10/18/21 5:29
544,Raven,Female,indigo,Human,Black,165,DC Comics,-,neutral,50,10/18/21 5:29,10/18/21 5:29
545,Ray,Male,green,Human,Red,178,DC Comics,-,good,70,10/18/21 5:29,10/18/21 5:29
546,Razor-Fist II,Male,blue,-,No Hair,191,Marvel Comics,-,bad,117,10/18/21 5:29,10/18/21 5:29
547,Red Arrow,Male,green,Human,Red,180,DC Comics,-,good,83,10/18/21 5:29,10/18/21 5:29
548,Red Hood,Male,blue,Human,Black,183,DC Comics,-,neutral,81,10/18/21 5:29,10/18/21 5:29
549,Red Hulk,Male,yellow,Human / Radiation,Black,213,Marvel Comics,red,neutral,630,10/18/21 5:29,10/18/21 5:29
550,Red Mist,Male,-,-,-,-99,Icon Comics,-,bad,-99,10/18/21 5:29,10/18/21 5:29
551,Red Robin,Male,blue,Human,Black,165,DC Comics,-,good,56,10/18/21 5:29,10/18/21 5:29
552,Red Skull,Male,blue,-,No Hair,188,Marvel Comics,-,bad,108,10/18/21 5:29,10/18/21 5:29
553,Red Tornado,Male,green,Android,No Hair,185,DC Comics,-,good,146,10/18/21 5:29,10/18/21 5:29
554,Redeemer II,Male,-,-,-,-99,Image Comics,-,bad,-99,10/18/21 5:29,10/18/21 5:29
555,Redeemer III,Male,-,-,-,-99,Image Comics,-,bad,-99,10/18/21 5:29,10/18/21 5:29
556,Renata Soliz,Female,-,-,-,-99,HarperCollins,-,good,-99,10/18/21 5:29,10/18/21 5:29
557,Rey,Female,hazel,Human,Brown,297,George Lucas,-,good,-99,10/18/21 5:29,10/18/21 5:29
558,Rhino,Male,brown,Human / Radiation,Brown,196,Marvel Comics,-,bad,320,10/18/21 5:29,10/18/21 5:29
559,Rick Flag,Male,blue,-,Brown,185,DC Comics,-,bad,85,10/18/21 5:29,10/18/21 5:29
560,Riddler,Male,-,-,-,-99,DC Comics,-,bad,-99,10/18/21 5:29,10/18/21 5:29
561,Rip Hunter,Male,blue,Human,Blond,-99,DC Comics,-,good,-99,10/18/21 5:29,10/18/21 5:29
562,Ripcord,Female,green,-,Black,180,Marvel Comics,-,good,72,10/18/21 5:29,10/18/21 5:29
563,Robin,Male,blue,Human,Black,178,DC Comics,-,good,79,10/18/21 5:29,10/18/21 5:29
564,Robin II,Male,blue,Human,Red,183,DC Comics,-,good,101,10/18/21 5:29,10/18/21 5:29
565,Robin III,Male,blue,Human,Black,165,DC Comics,-,good,56,10/18/21 5:29,10/18/21 5:29
566,Robin V,Male,blue,Human,Black,137,DC Comics,-,good,38,10/18/21 5:29,10/18/21 5:29
567,Robin VI,Female,green,Human,Red,-99,DC Comics,-,neutral,-99,10/18/21 5:29,10/18/21 5:29
568,Rocket Raccoon,Male,brown,Animal,Brown,122,Marvel Comics,-,good,25,10/18/21 5:29,10/18/21 5:29
569,Rogue,Female,green,-,Brown / White,173,Marvel Comics,-,good,54,10/18/21 5:29,10/18/21 5:29
570,Ronin,Male,blue,Human,Blond,191,Marvel Comics,-,good,104,10/18/21 5:29,10/18/21 5:29
571,Rorschach,Male,blue,Human,Red,168,DC Comics,-,good,63,10/18/21 5:29,10/18/21 5:29
572,Sabretooth,Male,amber,Mutant,Blond,198,Marvel Comics,-,bad,171,10/18/21 5:29,10/18/21 5:29
573,Sage,Female,blue,-,Black,170,Marvel Comics,-,good,61,10/18/21 5:29,10/18/21 5:29
574,Sandman,Male,brown,Human,Brown,185,Marvel Comics,-,neutral,203,10/18/21 5:29,10/18/21 5:29
575,Sasquatch,Male,red,-,Orange,305,Marvel Comics,-,good,900,10/18/21 5:29,10/18/21 5:29
576,Sauron,Male,-,Maiar,-,279,J. R. R. Tolkien,-,bad,-99,10/18/21 5:29,10/18/21 5:29
577,Savage Dragon,Male,-,-,-,-99,Image Comics,-,good,-99,10/18/21 5:29,10/18/21 5:29
578,Scarecrow,Male,blue,Human,Brown,183,DC Comics,-,bad,63,10/18/21 5:29,10/18/21 5:29
579,Scarlet Spider,Male,blue,Human,Blond,178,Marvel Comics,-,good,74,10/18/21 5:29,10/18/21 5:29
580,Scarlet Spider II,Male,brown,Clone,Brown,193,Marvel Comics,-,good,113,10/18/21 5:29,10/18/21 5:29
581,Scarlet Witch,Female,blue,Mutant,Brown,170,Marvel Comics,-,bad,59,10/18/21 5:29,10/18/21 5:29
582,Scorpia,Female,green,-,Red,-99,Marvel Comics,-,bad,-99,10/18/21 5:29,10/18/21 5:29
583,Scorpion,Male,brown,Human,Brown,211,Marvel Comics,-,bad,310,10/18/21 5:29,10/18/21 5:29
584,Sebastian Shaw,Male,-,Mutant,-,-99,Marvel Comics,-,bad,-99,10/18/21 5:29,10/18/21 5:29
585,Sentry,Male,blue,Mutant,Blond,188,Marvel Comics,-,neutral,87,10/18/21 5:29,10/18/21 5:29
586,Shadow King,-,red,-,-,185,Marvel Comics,-,good,149,10/18/21 5:29,10/18/21 5:29
587,Shadow Lass,Female,black,Talokite,Black,173,DC Comics,blue,good,54,10/18/21 5:29,10/18/21 5:29
588,Shadowcat,Female,hazel,Mutant,Brown,168,Marvel Comics,-,good,50,10/18/21 5:29,10/18/21 5:29
589,Shang-Chi,Male,brown,Human,Black,178,Marvel Comics,-,good,79,10/18/21 5:29,10/18/21 5:29
590,Shatterstar,Male,brown,-,Red,191,Marvel Comics,-,good,88,10/18/21 5:29,10/18/21 5:29
591,She-Hulk,Female,green,Human,Green,201,Marvel Comics,-,good,315,10/18/21 5:29,10/18/21 5:29
592,She-Thing,Female,blue,Human / Radiation,No Hair,183,Marvel Comics,-,good,153,10/18/21 5:29,10/18/21 5:29
593,Shocker,Male,brown,Human,Brown,175,Marvel Comics,-,bad,79,10/18/21 5:29,10/18/21 5:29
594,Shriek,Female,yellow / blue,-,Black,173,Marvel Comics,-,good,52,10/18/21 5:29,10/18/21 5:29
595,Shrinking Violet,Female,-,-,-,-99,DC Comics,-,good,-99,10/18/21 5:29,10/18/21 5:29
596,Sif,Female,blue,Asgardian,Black,188,Marvel Comics,-,good,191,10/18/21 5:29,10/18/21 5:29
597,Silk,Female,brown,Human,Black,-99,Marvel Comics,-,good,-99,10/18/21 5:29,10/18/21 5:29
598,Silk Spectre,Female,-,-,-,-99,DC Comics,-,good,-99,10/18/21 5:29,10/18/21 5:29
599,Silk Spectre II,Female,-,-,-,-99,DC Comics,-,good,-99,10/18/21 5:29,10/18/21 5:29
600,Silver Surfer,Male,white,Alien,No Hair,193,Marvel Comics,silver,good,101,10/18/21 5:29,10/18/21 5:29
601,Silverclaw,Female,brown,-,Black,157,Marvel Comics,-,good,50,10/18/21 5:29,10/18/21 5:29
602,Simon Baz,Male,bown,Human,Black,-99,DC Comics,-,good,-99,10/18/21 5:29,10/18/21 5:29
603,Sinestro,Male,black,Korugaran,Black,201,DC Comics,red,neutral,92,10/18/21 5:29,10/18/21 5:29
604,Siren,Female,blue,Atlantean,Purple,175,DC Comics,-,bad,72,10/18/21 5:29,10/18/21 5:29
605,Siren II,Female,black,-,-,-99,DC Comics,-,bad,-99,10/18/21 5:29,10/18/21 5:29
606,Siryn,Female,blue,-,Strawberry Blond,168,Marvel Comics,-,bad,52,10/18/21 5:29,10/18/21 5:29
607,Skaar,Male,green,-,Black,198,Marvel Comics,-,good,180,10/18/21 5:29,10/18/21 5:29
608,Snake-Eyes,Male,-,Animal,-,-99,Marvel Comics,-,bad,-99,10/18/21 5:29,10/18/21 5:29
609,Snowbird,Female,white,-,Blond,178,Marvel Comics,-,good,49,10/18/21 5:29,10/18/21 5:29
610,Sobek,Male,white,-,No Hair,-99,DC Comics,-,good,-99,10/18/21 5:29,10/18/21 5:29
611,Solomon Grundy,Male,black,Zombie,White,279,DC Comics,-,bad,437,10/18/21 5:29,10/18/21 5:29
612,Songbird,Female,green,-,Red / White,165,Marvel Comics,-,good,65,10/18/21 5:29,10/18/21 5:29
613,Space Ghost,Male,-,Human,-,188,DC Comics,-,good,113,10/18/21 5:29,10/18/21 5:29
614,Spawn,Male,brown,Demon,Black,211,Image Comics,-,good,405,10/18/21 5:29,10/18/21 5:29
615,Spectre,Male,white,God / Eternal,No Hair,-99,DC Comics,white,good,-99,10/18/21 5:29,10/18/21 5:29
616,Speedball,Male,-,-,-,-99,Marvel Comics,-,good,-99,10/18/21 5:29,10/18/21 5:29
617,Speedy,Male,-,Human,-,-99,DC Comics,-,good,-99,10/18/21 5:29,10/18/21 5:29
618,Speedy,Female,green,Human,Brown,-99,DC Comics,-,good,-99,10/18/21 5:29,10/18/21 5:29
619,Spider-Carnage,Male,-,Symbiote,-,-99,Marvel Comics,-,bad,-99,10/18/21 5:29,10/18/21 5:29
620,Spider-Girl,Female,blue,Human,Brown,170,Marvel Comics,-,good,54,10/18/21 5:29,10/18/21 5:29
621,Spider-Gwen,Female,blue,Human,Blond,165,Marvel Comics,-,good,56,10/18/21 5:29,10/18/21 5:29
622,Spider-Man,Male,hazel,Human,Brown,178,Marvel Comics,-,good,74,10/18/21 5:29,10/19/21 5:29
623,Spider-Man,-,red,Human,Brown,178,Marvel Comics,-,good,77,10/18/21 5:29,10/18/21 5:29
624,Spider-Man,Male,brown,Human,Black,157,Marvel Comics,-,good,56,10/18/21 5:29,10/18/21 5:29
625,Spider-Woman,Female,green,Human,Black,178,Marvel Comics,-,good,59,10/18/21 5:29,10/18/21 5:29
626,Spider-Woman II,Female,-,-,-,-99,Marvel Comics,-,good,-99,10/18/21 5:29,10/19/21 5:29
627,Spider-Woman III,Female,brown,-,Brown,173,Marvel Comics,-,good,55,10/18/21 5:29,10/18/21 5:29
628,Spider-Woman IV,Female,red,-,White,178,Marvel Comics,-,bad,58,10/18/21 5:29,10/18/21 5:29
629,Spock,Male,brown,Human-Vulcan,Black,185,Star Trek,-,good,81,10/18/21 5:29,10/18/21 5:29
630,Spyke,Male,brown,Mutant,Blond,183,Marvel Comics,-,good,83,10/18/21 5:29,10/18/21 5:29
631,Stacy X,Female,-,-,-,-99,Marvel Comics,-,good,-99,10/18/21 5:29,10/18/21 5:29
632,Star-Lord,Male,blue,Human-Spartoi,Blond,188,Marvel Comics,-,good,79,10/18/21 5:29,10/19/21 5:29
633,Stardust,Male,-,-,-,-99,Marvel Comics,-,good,-99,10/18/21 5:29,10/18/21 5:29
634,Starfire,Female,green,Tamaranean,Auburn,193,DC Comics,orange,good,71,10/18/21 5:29,10/18/21 5:29
635,Stargirl,Female,blue,Human,Blond,165,DC Comics,-,good,62,10/18/21 5:29,10/18/21 5:29
636,Static,Male,brown,Mutant,Black,170,DC Comics,-,good,63,10/18/21 5:29,10/18/21 5:29
637,Steel,Male,brown,-,No Hair,201,DC Comics,-,good,131,10/18/21 5:29,10/18/21 5:29
638,Stephanie Powell,Female,-,-,Blond,-99,ABC Studios,-,good,-99,10/18/21 5:29,10/18/21 5:29
639,Steppenwolf,Male,red,New God,Black,183,DC Comics,white,bad,91,10/18/21 5:29,10/18/21 5:29
640,Storm,Female,blue,Mutant,White,180,Marvel Comics,-,good,57,10/18/21 5:29,10/18/21 5:29
641,Stormtrooper,Male,-,Human,-,183,George Lucas,-,bad,-99,10/18/21 5:29,10/18/21 5:29
642,Sunspot,Male,brown,Mutant,black,173,Marvel Comics,-,good,77,10/18/21 5:29,10/18/21 5:29
643,Superboy,Male,blue,-,Black,170,DC Comics,-,good,68,10/18/21 5:29,10/18/21 5:29
644,Superboy-Prime,Male,blue,Kryptonian,Black / Blue,180,DC Comics,-,bad,77,10/18/21 5:29,10/18/21 5:29
645,Supergirl,Female,blue,Kryptonian,Blond,165,DC Comics,-,good,54,10/18/21 5:29,10/18/21 5:29
646,Superman,Male,blue,Kryptonian,Black,191,DC Comics,-,good,101,10/18/21 5:29,10/18/21 5:29
647,Swamp Thing,Male,red,God / Eternal,No Hair,-99,DC Comics,green,bad,-99,10/18/21 5:29,10/18/21 5:29
648,Swarm,Male,yellow,Mutant,No Hair,196,Marvel Comics,yellow,bad,47,10/18/21 5:29,10/18/21 5:29
649,Sylar,Male,-,-,-,-99,NBC - Heroes,-,bad,-99,10/18/21 5:29,10/18/21 5:29
650,Synch,Male,brown,-,Black,180,Marvel Comics,-,good,74,10/18/21 5:29,10/18/21 5:29
651,T-1000,Male,-,Android,-,183,Dark Horse Comics,silver,bad,146,10/18/21 5:29,10/18/21 5:29
652,T-800,Male,red,Cyborg,-,-99,Dark Horse Comics,-,bad,176,10/18/21 5:29,10/18/21 5:29
653,T-850,Male,red,Cyborg,-,-99,Dark Horse Comics,-,bad,198,10/18/21 5:29,10/18/21 5:29
654,T-X,Female,-,Cyborg,-,-99,Dark Horse Comics,silver,bad,149,10/18/21 5:29,10/18/21 5:29
655,Taskmaster,Male,brown,Human,Brown,188,Marvel Comics,-,bad,99,10/18/21 5:29,10/18/21 5:29
656,Tempest,Female,brown,-,Black,163,Marvel Comics,-,good,54,10/18/21 5:29,10/18/21 5:29
657,Thanos,Male,red,Eternal,No Hair,201,Marvel Comics,purple,bad,443,10/18/21 5:29,10/18/21 5:29
658,The Cape,Male,-,-,-,-99,,-,good,-99,10/18/21 5:29,10/18/21 5:29
659,The Comedian,Male,brown,Human,Black,188,DC Comics,-,neutral,101,10/18/21 5:29,10/18/21 5:29
660,Thing,Male,blue,Human / Radiation,No Hair,183,Marvel Comics,-,good,225,10/18/21 5:29,10/18/21 5:29
661,Thor,Male,blue,Asgardian,Blond,198,Marvel Comics,-,good,288,10/18/21 5:29,10/18/21 5:29
662,Thor Girl,Female,blue,Asgardian,Blond,175,Marvel Comics,-,good,143,10/18/21 5:29,10/18/21 5:29
663,Thunderbird,Male,brown,-,Black,185,Marvel Comics,-,good,101,10/18/21 5:29,10/19/21 5:29
664,Thunderbird II,Male,-,-,-,-99,Marvel Comics,-,good,-99,10/18/21 5:29,10/18/21 5:29
665,Thunderbird III,Male,brown,-,Black,175,Marvel Comics,-,good,74,10/18/21 5:29,10/18/21 5:29
666,Thunderstrike,Male,blue,-,Blond,198,Marvel Comics,-,good,288,10/18/21 5:29,10/18/21 5:29
667,Thundra,Female,green,-,Red,218,Marvel Comics,-,good,158,10/18/21 5:29,10/18/21 5:29
668,Tiger Shark,Male,grey,Human,No Hair,185,Marvel Comics,grey,bad,203,10/18/21 5:29,10/18/21 5:29
669,Tigra,Female,green,-,Auburn,178,Marvel Comics,-,good,81,10/18/21 5:29,10/18/21 5:29
670,Tinkerer,Male,brown,-,White,163,Marvel Comics,-,bad,54,10/18/21 5:29,10/18/21 5:29
671,Titan,Male,-,-,-,-99,HarperCollins,-,good,-99,10/18/21 5:29,10/18/21 5:29
672,Toad,Male,black,Mutant,Brown,175,Marvel Comics,green,neutral,76,10/18/21 5:29,10/18/21 5:29
673,Toxin,Male,blue,Symbiote,Brown,188,Marvel Comics,-,good,97,10/18/21 5:29,10/19/21 5:29
674,Toxin,Male,black,Symbiote,Blond,191,Marvel Comics,-,good,117,10/18/21 5:29,10/18/21 5:29
675,Tracy Strauss,Female,-,-,-,-99,NBC - Heroes,-,good,-99,10/18/21 5:29,10/18/21 5:29
676,Trickster,Male,blue,Human,Blond,183,DC Comics,-,-,81,10/18/21 5:29,10/18/21 5:29
677,Trigon,Male,yellow,God / Eternal,Black,-99,DC Comics,red,bad,-99,10/18/21 5:29,10/18/21 5:29
678,Triplicate Girl,Female,purple,-,Brown,168,DC Comics,-,good,59,10/18/21 5:29,10/18/21 5:29
679,Triton,Male,green,Inhuman,No Hair,188,Marvel Comics,green,good,86,10/18/21 5:29,10/18/21 5:29
680,Two-Face,Male,-,-,-,183,DC Comics,-,bad,82,10/18/21 5:29,10/18/21 5:29
681,Ultragirl,Female,blue,-,Blond,168,Marvel Comics,-,good,105,10/18/21 5:29,10/18/21 5:29
682,Ultron,Male,red,Android,-,206,Marvel Comics,silver,bad,331,10/18/21 5:29,10/18/21 5:29
683,Utgard-Loki,Male,blue,Frost Giant,White,15.2,Marvel Comics,-,bad,58,10/18/21 5:29,10/18/21 5:29
684,Vagabond,Female,blue,-,Strawberry Blond,168,Marvel Comics,-,good,54,10/18/21 5:29,10/18/21 5:29
685,Valerie Hart,Female,hazel,-,Black,175,Team Epic TV,-,good,56,10/18/21 5:29,10/18/21 5:29
686,Valkyrie,Female,blue,-,Blond,191,Marvel Comics,-,good,214,10/18/21 5:29,10/18/21 5:29
687,Vanisher,Male,green,-,No Hair,165,Marvel Comics,-,bad,79,10/18/21 5:29,10/18/21 5:29
688,Vegeta,Male,-,Saiyan,Black,168,Shueisha,-,bad,73,10/18/21 5:29,10/18/21 5:29
689,Venom,Male,blue,Symbiote,Strawberry Blond,191,Marvel Comics,-,bad,117,10/18/21 5:29,10/18/21 5:29
690,Venom II,Male,brown,-,Black,175,Marvel Comics,-,bad,50,10/18/21 5:29,10/18/21 5:29
691,Venom III,Male,brown,Symbiote,Brown,229,Marvel Comics,-,bad,334,10/18/21 5:29,10/19/21 5:29
692,Venompool,Male,-,Symbiote,-,226,Marvel Comics,-,-,-99,10/18/21 5:29,10/18/21 5:29
693,Vertigo II,Female,blue,-,Silver,168,Marvel Comics,-,good,52,10/18/21 5:29,10/18/21 5:29
694,Vibe,Male,brown,Human,Black,178,DC Comics,-,good,71,10/18/21 5:29,10/18/21 5:29
695,Vindicator,Female,green,Human,Red,165,Marvel Comics,-,good,54,10/18/21 5:29,10/18/21 5:29
696,Vindicator,Male,-,-,-,-99,Marvel Comics,-,good,-99,10/18/21 5:29,10/19/21 5:29
697,Violator,Male,-,-,-,-99,Image Comics,-,bad,-99,10/18/21 5:29,10/18/21 5:29
698,Violet Parr,Female,violet,Human,Black,137,Dark Horse Comics,-,good,41,10/18/21 5:29,10/18/21 5:29
699,Vision,Male,gold,Android,No Hair,191,Marvel Comics,red,good,135,10/18/21 5:29,10/18/21 5:29
700,Vision II,-,red,-,No Hair,191,Marvel Comics,-,good,135,10/18/21 5:29,10/18/21 5:29
701,Vixen,Female,amber,Human,Black,175,DC Comics,-,good,63,10/18/21 5:29,10/18/21 5:29
702,Vulcan,Male,black,-,Black,-99,Marvel Comics,-,good,-99,10/18/21 5:29,10/19/21 5:29
703,Vulture,Male,brown,Human,No Hair,180,Marvel Comics,-,bad,79,10/18/21 5:29,10/18/21 5:29
704,Walrus,Male,blue,Human,Black,183,Marvel Comics,-,bad,162,10/18/21 5:29,10/18/21 5:29
705,War Machine,Male,brown,Human,Brown,185,Marvel Comics,-,good,95,10/18/21 5:29,10/18/21 5:29
706,Warbird,Female,blue,-,Blond,180,Marvel Comics,-,good,54,10/18/21 5:29,10/18/21 5:29
707,Warlock,Male,red,-,Blond,188,Marvel Comics,-,good,108,10/18/21 5:29,10/18/21 5:29
708,Warp,Male,brown,-,Black,173,DC Comics,-,bad,67,10/18/21 5:29,10/18/21 5:29
709,Warpath,Male,brown,Mutant,Black,218,Marvel Comics,-,good,158,10/18/21 5:29,10/18/21 5:29
710,Wasp,Female,blue,Human,Auburn,163,Marvel Comics,-,good,50,10/18/21 5:29,10/18/21 5:29
711,Watcher,Male,-,-,-,-99,Marvel Comics,-,good,-99,10/18/21 5:29,10/19/21 5:29
712,Weapon XI,Male,-,-,-,-99,Marvel Comics,-,bad,-99,10/18/21 5:29,10/18/21 5:29
713,White Canary,Female,brown,Human,Black,-99,DC Comics,-,bad,-99,10/18/21 5:29,10/18/21 5:29
714,White Queen,Female,blue,-,Blond,178,Marvel Comics,-,good,65,10/18/21 5:29,10/18/21 5:29
715,Wildfire,Male,-,-,-,-99,DC Comics,-,good,-99,10/18/21 5:29,10/18/21 5:29
716,Winter Soldier,Male,brown,Human,Brown,175,Marvel Comics,-,good,117,10/18/21 5:29,10/18/21 5:29
717,Wiz Kid,-,brown,-,Black,140,Marvel Comics,-,good,39,10/18/21 5:29,10/18/21 5:29
718,Wolfsbane,Female,green,-,Auburn,366,Marvel Comics,-,good,473,10/18/21 5:29,10/18/21 5:29
719,Wolverine,Male,blue,Mutant,Black,160,Marvel Comics,-,good,135,10/18/21 5:29,10/18/21 5:29
720,Wonder Girl,Female,blue,Demi-God,Blond,165,DC Comics,-,good,51,10/18/21 5:29,10/18/21 5:29
721,Wonder Man,Male,red,-,Black,188,Marvel Comics,-,good,171,10/18/21 5:29,10/18/21 5:29
722,Wonder Woman,Female,blue,Amazon,Black,183,DC Comics,-,good,74,10/18/21 5:29,10/18/21 5:29
723,Wondra,Female,-,-,-,-99,Marvel Comics,-,good,-99,10/18/21 5:29,10/18/21 5:29
724,Wyatt Wingfoot,Male,brown,-,Black,196,Marvel Comics,-,good,117,10/18/21 5:29,10/18/21 5:29
725,X-23,Female,green,Mutant / Clone,Black,155,Marvel Comics,-,good,50,10/18/21 5:29,10/18/21 5:29
726,X-Man,Male,blue,-,Brown,175,Marvel Comics,-,good,61,10/18/21 5:29,10/18/21 5:29
727,Yellow Claw,Male,blue,-,No Hair,188,Marvel Comics,-,bad,95,10/18/21 5:29,10/18/21 5:29
728,Yellowjacket,Male,blue,Human,Blond,183,Marvel Comics,-,good,83,10/18/21 5:29,10/18/21 5:29
729,Yellowjacket II,Female,blue,Human,Strawberry Blond,165,Marvel Comics,-,good,52,10/18/21 5:29,10/18/21 5:29
730,Ymir,Male,white,Frost Giant,No Hair,304.8,Marvel Comics,white,good,-99,10/18/21 5:29,10/18/21 5:29
731,Yoda,Male,brown,Yoda's species,White,66,George Lucas,green,good,17,10/18/21 5:29,10/18/21 5:29
732,Zatanna,Female,blue,Human,Black,170,DC Comics,-,good,57,10/18/21 5:29,10/18/21 5:29
733,Zoom,Male,red,-,Brown,185,DC Comics,-,bad,81,10/18/21 5:29,10/18/21 5:29